{"type":"Design","zone":null,"children":[{"type":"Page","properties":{"id":"page1"},"children":[{"type":"Header","zone":"top"},{"type":"Content","zone":"content","children":[{"type":"List","children":[{"type":"ListButton"},{"type":"ListButton","properties":{"target":"page2","text":"pag2","countbubble":"3"}},{"type":"ListButton","properties":{"text":"sdfdsf","countbubble":"2"}}]}]},{"type":"Footer","zone":"bottom","properties":{"position":"fixed"},"children":[{"type":"SelectMenu","properties":{"options":{"type":"record-array","sortable":true,"recordType":{"text":"string","value":"string"},"children":[{"text":"Option1","value":"Value"},{"text":"Option2","value":"Value"},{"text":"Option3","value":"Value"}]}}}]}]},{"type":"Page","properties":{"id":"page2"},"children":[{"type":"Header","zone":"top","properties":{"text":"Editar password"}},{"type":"Content","zone":"content","children":[{"type":"TextInput","properties":{"id":"text1"}},{"type":"TextInput","properties":{"id":"text2","label":"Label2"}}]},{"type":"Footer","zone":"bottom"}]}],"pInfo":{"name":"Untitled","accessDate":1411411845592,"device":{"name":"Phones","screenWidth":"320","screenHeight":"480","rotating":false},"theme":"Default"}}